phone,email,ok,vk,vid,gaid,idfa
,dinther@verizon.net,,,,,
,mcraigw@hotmail.com,,,,,
,raines@gmail.com,,,,,
,avalon@mac.com,,,,,
,hachi@yahoo.ca,,,,,
,wbarker@hotmail.com,,,,,
,cvrcek@gmail.com,,,,,
,rsmartin@yahoo.ca,,,,,
,ranasta@yahoo.ca,,,,,
,willg@outlook.com,,,,,
,nichoj@outlook.com,,,,,
,ramollin@optonline.net,,,,,
,wsnyder@live.com,,,,,
,webteam@yahoo.com,,,,,
,dowdy@msn.com,,,,,
,arnold@me.com,,,,,
,zwood@comcast.net,,,,,
,mcrawfor@yahoo.ca,,,,,
,bflong@icloud.com,,,,,
,pgottsch@me.com,,,,,
,zyghom@me.com,,,,,
,gordonjcp@mac.com,,,,,
,pkplex@aol.com,,,,,
,ranasta@verizon.net,,,,,
,world@outlook.com,,,,,
,mcraigw@comcast.net,,,,,
,martyloo@yahoo.com,,,,,
,isorashi@verizon.net,,,,,
,ghost@outlook.com,,,,,
,rgarcia@msn.com,,,,,
,demmel@gmail.com,,,,,
,amaranth@msn.com,,,,,
,fallorn@live.com,,,,,
,evilopie@yahoo.ca,,,,,
,vlefevre@mac.com,,,,,
,jginspace@aol.com,,,,,
,jrkorson@msn.com,,,,,
,fglock@icloud.com,,,,,
,jdhedden@msn.com,,,,,
,psichel@yahoo.com,,,,,
,chrwin@aol.com,,,,,
,russotto@sbcglobal.net,,,,,
,aprakash@hotmail.com,,,,,
,adhere@icloud.com,,,,,
,hahsler@hotmail.com,,,,,
,slanglois@verizon.net,,,,,
,crypt@optonline.net,,,,,
,manuals@yahoo.ca,,,,,
,catalog@comcast.net,,,,,
,ducasse@outlook.com,,,,,
,bdthomas@mac.com,,,,,
,pthomsen@me.com,,,,,
,ianbuck@outlook.com,,,,,
,evans@icloud.com,,,,,
,hellfire@yahoo.ca,,,,,
,andale@optonline.net,,,,,
,studyabr@hotmail.com,,,,,
,stecoop@yahoo.com,,,,,
,sonnen@comcast.net,,,,,
,kwilliams@live.com,,,,,
,heine@icloud.com,,,,,
,singh@icloud.com,,,,,
,dbindel@optonline.net,,,,,
,bjornk@att.net,,,,,
,parasite@yahoo.ca,,,,,
,dowdy@att.net,,,,,
,jonas@comcast.net,,,,,
,jugalator@live.com,,,,,
,jbuchana@msn.com,,,,,
,aardo@att.net,,,,,
,jkegl@aol.com,,,,,
,pedwards@hotmail.com,,,,,
,parksh@aol.com,,,,,
,irving@live.com,,,,,
,mcnihil@gmail.com,,,,,
,fmerges@mac.com,,,,,
,kenja@verizon.net,,,,,
,mbalazin@yahoo.com,,,,,
,esasaki@live.com,,,,,
,qrczak@att.net,,,,,
,lbecchi@yahoo.com,,,,,
,pappp@att.net,,,,,
,laird@aol.com,,,,,
,fraser@outlook.com,,,,,
,mugwump@icloud.com,,,,,
,cameron@aol.com,,,,,
,bockelboy@comcast.net,,,,,
,attwood@verizon.net,,,,,
,yfreund@outlook.com,,,,,
,yxing@me.com,,,,,
,wojciech@hotmail.com,,,,,
,noticias@outlook.com,,,,,
,godeke@yahoo.ca,,,,,
,choset@att.net,,,,,
,seasweb@live.com,,,,,
,parsimony@yahoo.com,,,,,
,eminence@icloud.com,,,,,
,scato@gmail.com,,,,,
,devphil@yahoo.com,,,,,
,cisugrad@hotmail.com,,,,,
,twoflower@me.com,,,,,
